{
  "T": 24000,
  "aggregate": {
    "boundary_similarity_post_mean_mean": 0.9887730751626502,
    "boundary_similarity_post_mean_sd": 0.003071644846925773,
    "consensus_post_mean_mean": 0.84492077890489,
    "consensus_post_mean_sd": 0.005460118785566326,
    "semantic_effect_post_mean_mean": 0.08392325340593937,
    "semantic_effect_post_mean_sd": 0.007553599182022974
  },
  "experiment": "volcano_seed_sensitivity",
  "generated_utc": "2026-03-12T21:26:43.382063+00:00",
  "n_agents": 200,
  "rows": [
    {
      "boundary_similarity_post_mean": 0.985013193054507,
      "consensus_post_late_mean": 0.8640898047002695,
      "consensus_post_mean": 0.852717714953975,
      "seed": 1.0,
      "semantic_effect_post_late_mean": 0.039143502654811056,
      "semantic_effect_post_mean": 0.07160861243433679,
      "semantic_effect_pre_late_mean": 0.349898184297524,
      "semantic_effect_pre_mean": 0.30511651361219005,
      "w_final": 0.08142403454576312,
      "w_post_late_mean": 0.08219600384262392,
      "w_post_mean": 0.094348644660372,
      "w_pre_late_mean": 0.09929131696302104,
      "w_pre_mean": 0.05730386880227302
    },
    {
      "boundary_similarity_post_mean": 0.9911373576363083,
      "consensus_post_late_mean": 0.8531355569024083,
      "consensus_post_mean": 0.8412007757356322,
      "seed": 2.0,
      "semantic_effect_post_late_mean": 0.058821499610503244,
      "semantic_effect_post_mean": 0.09055372923278594,
      "semantic_effect_pre_late_mean": 0.31811435973291136,
      "semantic_effect_pre_mean": 0.28481965325688563,
      "w_final": 0.08408175726784801,
      "w_post_late_mean": 0.08468754121044965,
      "w_post_mean": 0.09437626014612689,
      "w_pre_late_mean": 0.09744037017702424,
      "w_pre_mean": 0.05100421942082406
    },
    {
      "boundary_similarity_post_mean": 0.9942580584475258,
      "consensus_post_late_mean": 0.8517912631825514,
      "consensus_post_mean": 0.841763826790669,
      "seed": 3.0,
      "semantic_effect_post_late_mean": 0.021257068097104946,
      "semantic_effect_post_mean": 0.08484298976961684,
      "semantic_effect_pre_late_mean": 0.3619587237885393,
      "semantic_effect_pre_mean": 0.3050865623622277,
      "w_final": 0.08356846337328136,
      "w_post_late_mean": 0.08570672864487801,
      "w_post_mean": 0.09438978520173376,
      "w_pre_late_mean": 0.09800940867667275,
      "w_pre_mean": 0.05132705251159812
    },
    {
      "boundary_similarity_post_mean": 0.9837236807231197,
      "consensus_post_late_mean": 0.8603476581983098,
      "consensus_post_mean": 0.8482165179149783,
      "seed": 4.0,
      "semantic_effect_post_late_mean": 0.054094757610975895,
      "semantic_effect_post_mean": 0.08164390272330352,
      "semantic_effect_pre_late_mean": 0.3693650408011398,
      "semantic_effect_pre_mean": 0.2985858111283954,
      "w_final": 0.0826081159427779,
      "w_post_late_mean": 0.08376140682851854,
      "w_post_mean": 0.09467595526629884,
      "w_pre_late_mean": 0.1011700143260984,
      "w_pre_mean": 0.054938010022777206
    },
    {
      "boundary_similarity_post_mean": 0.9875629281038981,
      "consensus_post_late_mean": 0.8499380323226406,
      "consensus_post_mean": 0.8391200426451187,
      "seed": 5.0,
      "semantic_effect_post_late_mean": 0.03681125739557709,
      "semantic_effect_post_mean": 0.09245019185501413,
      "semantic_effect_pre_late_mean": 0.2791692069285072,
      "semantic_effect_pre_mean": 0.30079491819579857,
      "w_final": 0.0838605349372281,
      "w_post_late_mean": 0.08653719940903867,
      "w_post_mean": 0.0948208231207434,
      "w_pre_late_mean": 0.10004317290553762,
      "w_pre_mean": 0.05791136160987742
    },
    {
      "boundary_similarity_post_mean": 0.988473684295078,
      "consensus_post_late_mean": 0.854920000234468,
      "consensus_post_mean": 0.8424451416365546,
      "seed": 6.0,
      "semantic_effect_post_late_mean": 0.08698413018953799,
      "semantic_effect_post_mean": 0.09239682106587749,
      "semantic_effect_pre_late_mean": 0.2827078598204412,
      "semantic_effect_pre_mean": 0.28854106221689313,
      "w_final": 0.08587247344430547,
      "w_post_late_mean": 0.086343278593983,
      "w_post_mean": 0.09340219255699973,
      "w_pre_late_mean": 0.0976350173381778,
      "w_pre_mean": 0.052421772717413204
    },
    {
      "boundary_similarity_post_mean": 0.9904097596231306,
      "consensus_post_late_mean": 0.8467790249375883,
      "consensus_post_mean": 0.8342586891259004,
      "seed": 7.0,
      "semantic_effect_post_late_mean": 0.1023098026810441,
      "semantic_effect_post_mean": 0.08413147689380458,
      "semantic_effect_pre_late_mean": 0.3333759299512732,
      "semantic_effect_pre_mean": 0.2990302700971163,
      "w_final": 0.08267312642471289,
      "w_post_late_mean": 0.08390265804030284,
      "w_post_mean": 0.09421666342368673,
      "w_pre_late_mean": 0.09964920517304328,
      "w_pre_mean": 0.055801600406179826
    },
    {
      "boundary_similarity_post_mean": 0.9882364954938091,
      "consensus_post_late_mean": 0.8637280692733038,
      "consensus_post_mean": 0.8528171951813966,
      "seed": 8.0,
      "semantic_effect_post_late_mean": 0.03923614471664315,
      "semantic_effect_post_mean": 0.08231189480456196,
      "semantic_effect_pre_late_mean": 0.2940669154923635,
      "semantic_effect_pre_mean": 0.2942555402657485,
      "w_final": 0.07634372009818664,
      "w_post_late_mean": 0.07792457635294084,
      "w_post_mean": 0.08804091154724968,
      "w_pre_late_mean": 0.09627649320218871,
      "w_pre_mean": 0.05485422116877434
    },
    {
      "boundary_similarity_post_mean": 0.9913753449488705,
      "consensus_post_late_mean": 0.8496529700861281,
      "consensus_post_mean": 0.8386183122652046,
      "seed": 9.0,
      "semantic_effect_post_late_mean": 0.04431442806376369,
      "semantic_effect_post_mean": 0.0676803288763055,
      "semantic_effect_pre_late_mean": 0.3242640669961432,
      "semantic_effect_pre_mean": 0.29453280184598546,
      "w_final": 0.07601860469943306,
      "w_post_late_mean": 0.07734719539867119,
      "w_post_mean": 0.09018709186452976,
      "w_pre_late_mean": 0.09778313275876897,
      "w_pre_mean": 0.05318578146006833
    },
    {
      "boundary_similarity_post_mean": 0.9928545401496175,
      "consensus_post_late_mean": 0.8645154878628103,
      "consensus_post_mean": 0.8516647567167328,
      "seed": 10.0,
      "semantic_effect_post_late_mean": 0.10465669980431232,
      "semantic_effect_post_mean": 0.08695085464702214,
      "semantic_effect_pre_late_mean": 0.3416663557475333,
      "semantic_effect_pre_mean": 0.3180703511260355,
      "w_final": 0.08545952507768466,
      "w_post_late_mean": 0.08596553826188631,
      "w_post_mean": 0.09517959211670718,
      "w_pre_late_mean": 0.10240269183105792,
      "w_pre_mean": 0.05376771232603694
    },
    {
      "boundary_similarity_post_mean": 0.9832281663019841,
      "consensus_post_late_mean": 0.8542664189987133,
      "consensus_post_mean": 0.8423625315437281,
      "seed": 11.0,
      "semantic_effect_post_late_mean": 0.049248165328920776,
      "semantic_effect_post_mean": 0.08111633513016796,
      "semantic_effect_pre_late_mean": 0.37611282152793735,
      "semantic_effect_pre_mean": 0.3007460778595124,
      "w_final": 0.08458019173774668,
      "w_post_late_mean": 0.08566353473789041,
      "w_post_mean": 0.09472587303562681,
      "w_pre_late_mean": 0.10145874936149091,
      "w_pre_mean": 0.05640691605100029
    },
    {
      "boundary_similarity_post_mean": 0.9835469001452797,
      "consensus_post_late_mean": 0.8597743053917934,
      "consensus_post_mean": 0.8489096097398114,
      "seed": 12.0,
      "semantic_effect_post_late_mean": 0.05352929750570852,
      "semantic_effect_post_mean": 0.08106304082147375,
      "semantic_effect_pre_late_mean": 0.33602884091611795,
      "semantic_effect_pre_mean": 0.29937165781155667,
      "w_final": 0.09188278293087468,