{
  "experiment": "sensitivity",
  "generated_utc": "2026-02-22T01:23:45.789565+00:00",
  "n_runs": 6,
  "runtime": {
    "expected_participations_per_agent": 420.0,
    "interactions_per_step": 180,
    "n_agents": 300,
    "n_institutional": 15,
    "n_phases": 10,
    "steps_per_phase": 35,
    "turnover_rate": 0.04
  },
  "seed_end": 6,
  "seed_start": 1,
  "summary": {
    "baseline_a(n)": {
      "max": 0.16666666666666666,
      "mean": 0.15888888888888889,
      "min": 0.14666666666666667,
      "negative": 0,
      "positive": 6,
      "zero": 0
    },
    "baseline_agreement": {
      "max": 1.0,
      "mean": 1.0,
      "min": 1.0,
      "negative": 0,
      "positive": 6,
      "zero": 0
    },
    "baseline_many": {
      "max": 1.0,
      "mean": 0.9977777777777778,
      "min": 0.9966666666666667,
      "negative": 0,
      "positive": 6,
      "zero": 0
    },
    "baseline_three": {
      "max": 0.49,
      "mean": 0.4566666666666667,
      "min": 0.43333333333333335,
      "negative": 0,
      "positive": 6,
      "zero": 0
    },
    "delta_frozen_a(n)": {
      "max": 0.0,
      "mean": 0.0,
      "min": 0.0,
      "negative": 0,
      "positive": 0,
      "zero": 6
    },
    "delta_frozen_three": {
      "max": 0.00666666666666671,
      "mean": 0.004444444444444455,
      "min": 0.0033333333333332993,
      "negative": 0,
      "positive": 6,
      "zero": 0
    },
    "delta_no_anchor_a(n)": {
      "max": 0.016666666666666663,
      "mean": -0.008888888888888885,
      "min": -0.043333333333333335,
      "negative": 3,
      "positive": 2,
      "zero": 1
    },
    "delta_no_anchor_three": {
      "max": 0.033333333333333326,
      "mean": 0.012222222222222218,
      "min": -0.00666666666666671,
      "negative": 2,
      "positive": 4,
      "zero": 0
    },
    "delta_no_decay_a(n)": {
      "max": 0.043333333333333335,
      "mean": 0.01388888888888889,
      "min": -0.023333333333333317,
      "negative": 1,
      "positive": 4,
      "zero": 1
    },
    "delta_no_decay_three": {
      "max": 0.10333333333333328,
      "mean": 0.029444444444444412,
      "min": -0.026666666666666672,
      "negative": 2,
      "positive": 4,
      "zero": 0
    }
  }
}