{
  "experiment": "volcano_drift",
  "generated_utc": "2026-03-12T22:58:22.279039+00:00",
  "parameters": {
    "T": 24000,
    "boundary_similarity_scale": 1.5,
    "lr": 0.02,
    "n_agents": 200,
    "semantic_reliability_1": 0.65,
    "semantic_reliability_2": 0.5,
    "t_switch": 12000,
    "updates_per_agent": 120.0,
    "window": 250,
    "x_mu_1": 0.0,
    "x_mu_2": 0.15,
    "x_sigma": 1.0
  },
  "seed": 42,
  "summary": {
    "boundary_similarity_post_mean": 0.9862483004924442,
    "consensus_post_late_mean": 0.8588562434690982,
    "consensus_post_mean": 0.8462595340443017,
    "semantic_effect_post_late_mean": 0.08783814300681152,
    "semantic_effect_post_mean": 0.07845725216640462,
    "semantic_effect_pre_late_mean": 0.3489944268329193,
    "semantic_effect_pre_mean": 0.29390380495824187,
    "w_final": 0.08251892467348146,
    "w_post_late_mean": 0.0832508877787286,
    "w_post_mean": 0.09092659667657023,
    "w_pre_late_mean": 0.09306595568327015,
    "w_pre_mean": 0.05230488153071462
  }
}