{
  "T": 24000,
  "experiment": "volcano_reliability_sweep",
  "generated_utc": "2026-02-22T01:38:45.655879+00:00",
  "n_agents": 200,
  "rows": [
    {
      "boundary_similarity_post_mean": 0.9862483004924442,
      "consensus_post_mean": 0.8462595340443017,
      "semantic_effect_post_mean": 0.014920134945929262,
      "semantic_effect_pre_mean": 0.2880206174873404,
      "semantic_reliability_2": 0.5,
      "w_post_mean": 0.09092659667657023,
      "w_pre_mean": 0.05230488153071462
    },
    {
      "boundary_similarity_post_mean": 0.9863270908371854,
      "consensus_post_mean": 0.8462676119549183,
      "semantic_effect_post_mean": 0.10776216456813091,
      "semantic_effect_pre_mean": 0.2880206174873404,
      "semantic_reliability_2": 0.55,
      "w_post_mean": 0.10796201729475592,
      "w_pre_mean": 0.05230488153071462
    },
    {
      "boundary_similarity_post_mean": 0.9864171175771013,
      "consensus_post_mean": 0.8462616918640746,
      "semantic_effect_post_mean": 0.20354791951748064,
      "semantic_effect_pre_mean": 0.2880206174873404,
      "semantic_reliability_2": 0.6,
      "w_post_mean": 0.12510496288346973,
      "w_pre_mean": 0.05230488153071462
    },
    {
      "boundary_similarity_post_mean": 0.9865133714927085,
      "consensus_post_mean": 0.8462114877212933,
      "semantic_effect_post_mean": 0.30524602063022155,
      "semantic_effect_pre_mean": 0.2880206174873404,
      "semantic_reliability_2": 0.65,
      "w_post_mean": 0.14336383867657446,
      "w_pre_mean": 0.05230488153071462
    }
  ],
  "seed": 42,
  "t_switch": 12000,
  "updates_per_agent": 120.0,
  "window": 250
}