{
  "T": 24000,
  "experiment": "volcano_reliability_sweep",
  "generated_utc": "2026-03-12T21:26:37.316770+00:00",
  "n_agents": 200,
  "rows": [
    {
      "boundary_similarity_post_mean": 0.9862483004924442,
      "consensus_post_late_mean": 0.8588562434690982,
      "consensus_post_mean": 0.8462595340443017,
      "semantic_effect_post_late_mean": 0.08783814300681152,
      "semantic_effect_post_mean": 0.07845725216640462,
      "semantic_effect_pre_late_mean": 0.3489944268329193,
      "semantic_effect_pre_mean": 0.29390380495824187,
      "semantic_reliability_2": 0.5,
      "w_final": 0.08251892467348146,
      "w_post_late_mean": 0.0832508877787286,
      "w_post_mean": 0.09092659667657023,
      "w_pre_late_mean": 0.09306595568327015,
      "w_pre_mean": 0.05230488153071462
    },
    {
      "boundary_similarity_post_mean": 0.9863270908371854,
      "consensus_post_late_mean": 0.8588975114230664,
      "consensus_post_mean": 0.8462676119549183,
      "semantic_effect_post_late_mean": 0.19128412099717468,
      "semantic_effect_post_mean": 0.17303825239367301,
      "semantic_effect_pre_late_mean": 0.3489944268329193,
      "semantic_effect_pre_mean": 0.29390380495824187,
      "semantic_reliability_2": 0.55,
      "w_final": 0.11444673365915353,
      "w_post_late_mean": 0.11418395377666912,
      "w_post_mean": 0.10796201729475592,
      "w_pre_late_mean": 0.09306595568327015,
      "w_pre_mean": 0.05230488153071462
    },
    {
      "boundary_similarity_post_mean": 0.9864171175771013,
      "consensus_post_late_mean": 0.8588659749796476,
      "consensus_post_mean": 0.8462616918640746,
      "semantic_effect_post_late_mean": 0.304299991666216,
      "semantic_effect_post_mean": 0.2714644999671554,
      "semantic_effect_pre_late_mean": 0.3489944268329193,
      "semantic_effect_pre_mean": 0.29390380495824187,
      "semantic_reliability_2": 0.6,
      "w_final": 0.14823022277853307,
      "w_post_late_mean": 0.14652620058444593,
      "w_post_mean": 0.12510496288346973,
      "w_pre_late_mean": 0.09306595568327015,
      "w_pre_mean": 0.05230488153071462
    },
    {
      "boundary_similarity_post_mean": 0.9865133714927085,
      "consensus_post_late_mean": 0.8587027724271484,
      "consensus_post_mean": 0.8462114877212933,
      "semantic_effect_post_late_mean": 0.3845429072431839,
      "semantic_effect_post_mean": 0.36869236659613264,
      "semantic_effect_pre_late_mean": 0.3489944268329193,
      "semantic_effect_pre_mean": 0.29390380495824187,
      "semantic_reliability_2": 0.65,
      "w_final": 0.18397912933029928,
      "w_post_late_mean": 0.18102191615954782,
      "w_post_mean": 0.14336383867657446,
      "w_pre_late_mean": 0.09306595568327015,
      "w_pre_mean": 0.05230488153071462
    }
  ],
  "seed": 42,
  "t_switch": 12000,
  "updates_per_agent": 120.0,
  "window": 250
}