{
  "T": 24000,
  "experiment": "volcano_controls",
  "generated_utc": "2026-02-22T01:38:45.622872+00:00",
  "n_agents": 200,
  "seed": 42,
  "summaries": {
    "baseline": {
      "boundary_similarity_post_mean": 0.9862483004924442,
      "consensus_post_mean": 0.8462595340443017,
      "semantic_effect_post_mean": 0.014920134945929262,
      "semantic_effect_pre_mean": 0.2880206174873404,
      "w_post_mean": 0.09092659667657023,
      "w_pre_mean": 0.05230488153071462
    },
    "freeze_theta": {
      "boundary_similarity_post_mean": 0.9975938187886996,
      "consensus_post_mean": 0.8332880305323392,
      "semantic_effect_post_mean": 0.014920134945929262,
      "semantic_effect_pre_mean": 0.2880206174873404,
      "w_post_mean": 0.09094910355070213,
      "w_pre_mean": 0.05230488153071462
    },
    "freeze_w": {
      "boundary_similarity_post_mean": 0.9862332026332107,
      "consensus_post_mean": 0.8462821115504559,
      "semantic_effect_post_mean": 0.014920134945929262,
      "semantic_effect_pre_mean": 0.2880206174873404,
      "w_post_mean": 0.09885184377757561,
      "w_pre_mean": 0.05230488153071462
    },
    "no_switch": {
      "boundary_similarity_post_mean": 0.9961779586616745,
      "consensus_post_mean": 0.8457094991015537,
      "semantic_effect_post_mean": 0.3079954907822863,
      "semantic_effect_pre_mean": 0.2880206174873404,
      "w_post_mean": 0.14336292608593296,
      "w_pre_mean": 0.05230488153071462
    }
  },
  "t_switch": 12000,
  "updates_per_agent": 120.0,
  "window": 250
}