{
  "T": 24000,
  "experiment": "volcano_controls",
  "generated_utc": "2026-03-12T21:26:36.041711+00:00",
  "n_agents": 200,
  "seed": 42,
  "summaries": {
    "baseline": {
      "boundary_similarity_post_mean": 0.9862483004924442,
      "consensus_post_late_mean": 0.8588562434690982,
      "consensus_post_mean": 0.8462595340443017,
      "semantic_effect_post_late_mean": 0.08783814300681152,
      "semantic_effect_post_mean": 0.07845725216640462,
      "semantic_effect_pre_late_mean": 0.3489944268329193,
      "semantic_effect_pre_mean": 0.29390380495824187,
      "w_final": 0.08251892467348146,
      "w_post_late_mean": 0.0832508877787286,
      "w_post_mean": 0.09092659667657023,
      "w_pre_late_mean": 0.09306595568327015,
      "w_pre_mean": 0.05230488153071462
    },
    "freeze_theta": {
      "boundary_similarity_post_mean": 0.9975938187886996,
      "consensus_post_late_mean": 0.8332880305323392,
      "consensus_post_mean": 0.8332880305323392,
      "semantic_effect_post_late_mean": 0.09736887628519872,
      "semantic_effect_post_mean": 0.07981182792780551,
      "semantic_effect_pre_late_mean": 0.3489944268329193,
      "semantic_effect_pre_mean": 0.29390380495824187,
      "w_final": 0.08257000147608323,
      "w_post_late_mean": 0.08329893207914293,
      "w_post_mean": 0.09094910355070213,
      "w_pre_late_mean": 0.09306595568327015,
      "w_pre_mean": 0.05230488153071462
    },
    "freeze_w": {
      "boundary_similarity_post_mean": 0.9862332026332107,
      "consensus_post_late_mean": 0.8588979981396754,
      "consensus_post_mean": 0.8462821115504559,
      "semantic_effect_post_late_mean": 0.10426902501096502,
      "semantic_effect_post_mean": 0.08501112895444529,
      "semantic_effect_pre_late_mean": 0.3489944268329193,
      "semantic_effect_pre_mean": 0.29390380495824187,
      "w_final": 0.09885184377757561,
      "w_post_late_mean": 0.09885184377757561,
      "w_post_mean": 0.09885184377757561,
      "w_pre_late_mean": 0.09306595568327015,
      "w_pre_mean": 0.05230488153071462
    },
    "no_switch": {
      "boundary_similarity_post_mean": 0.9961779586616745,
      "consensus_post_late_mean": 0.8579823798262488,
      "consensus_post_mean": 0.8457094991015537,
      "semantic_effect_post_late_mean": 0.3779840187814243,
      "semantic_effect_post_mean": 0.3725831093265674,
      "semantic_effect_pre_late_mean": 0.3489944268329193,
      "semantic_effect_pre_mean": 0.29390380495824187,
      "w_final": 0.18408673145849483,
      "w_post_late_mean": 0.18117462937583323,
      "w_post_mean": 0.14336292608593296,
      "w_pre_late_mean": 0.09306595568327015,
      "w_pre_mean": 0.05230488153071462
    }
  },
  "t_switch": 12000,
  "updates_per_agent": 120.0,
  "window": 250
}